target,fitted_quantity,fold,expression,complexity,r2_holdout,mae_holdout,mae_train,n_train,n_test,front_size,front_complexities,sr_reduction,sr_n_coordinates,sr_operator_set,sr_validation,sr_complexity_selection,selection_rule_detail,quotient_operator,coordinates_fitted_on,expressions_in_standardised_coordinates,target_standardisation,coordinate_basis_caveat,eval_split,target_transform,reduction_sr_reduction,reduction_cumulative_explained_variance,reduction_fitted_on_quotient_applied_to,reduction_n_coordinates
logMstar,logMstar,0,(z2 * 0.398773),3,0.15140770505770562,0.6657745157573649,0.6857612751907292,6446,1612,10,1|2|3|5|7|9|13|15|19|21,pca,8,arithmetic_exp_log,holdout_refit,best_score,best_score,orbit_mean,anchor cloud,True,"z-scored on the training fold; R2 is unaffected, expression constants are in standardised units","a PCA basis is arbitrary up to rotation, so these coordinates carry no intrinsic meaning and may need aligning before an expression maps onto an interpretable quantity",kfold_5,log_ssfr,pca,0.6590592270622698,anchor cloud,8
logMstar,logMstar,1,(z5 / -2.36988),3,0.16851852922139976,0.664547151088613,0.6610517646073574,6446,1612,12,1|2|3|5|7|9|11|13|17|18|21|23,pca,8,arithmetic_exp_log,holdout_refit,best_score,best_score,orbit_mean,anchor cloud,True,"z-scored on the training fold; R2 is unaffected, expression constants are in standardised units","a PCA basis is arbitrary up to rotation, so these coordinates carry no intrinsic meaning and may need aligning before an expression maps onto an interpretable quantity",kfold_5,log_ssfr,pca,0.6590592270622698,anchor cloud,8
logMstar,logMstar,2,(0.377716 * (z2 + (z6 - z5))),7,0.40961835232165056,0.5234701509908106,0.5271215737371919,6446,1612,11,1|3|5|6|7|9|13|15|17|20|24,pca,8,arithmetic_exp_log,holdout_refit,best_score,best_score,orbit_mean,anchor cloud,True,"z-scored on the training fold; R2 is unaffected, expression constants are in standardised units","a PCA basis is arbitrary up to rotation, so these coordinates carry no intrinsic meaning and may need aligning before an expression maps onto an interpretable quantity",kfold_5,log_ssfr,pca,0.6590592270622698,anchor cloud,8
logMstar,logMstar,3,(-0.405344 * (z5 - z2)),5,0.3609415266780912,0.5657423128019916,0.5517673896455936,6447,1611,14,1|3|4|5|7|9|11|13|15|17|21|23|25|29,pca,8,arithmetic_exp_log,holdout_refit,best_score,best_score,orbit_mean,anchor cloud,True,"z-scored on the training fold; R2 is unaffected, expression constants are in standardised units","a PCA basis is arbitrary up to rotation, so these coordinates carry no intrinsic meaning and may need aligning before an expression maps onto an interpretable quantity",kfold_5,log_ssfr,pca,0.6590592270622698,anchor cloud,8
logMstar,logMstar,4,(z5 / -2.33703),3,0.15051045368912663,0.6836840465389947,0.6663342803146293,6447,1611,12,1|3|5|7|11|15|17|19|21|23|29|30,pca,8,arithmetic_exp_log,holdout_refit,best_score,best_score,orbit_mean,anchor cloud,True,"z-scored on the training fold; R2 is unaffected, expression constants are in standardised units","a PCA basis is arbitrary up to rotation, so these coordinates carry no intrinsic meaning and may need aligning before an expression maps onto an interpretable quantity",kfold_5,log_ssfr,pca,0.6590592270622698,anchor cloud,8
avgSfr,log_sSFR,0,(z2 / -1.98706),3,0.2526217751260882,0.6316355124237273,0.6302251655361946,6446,1612,13,1|3|5|7|9|11|13|15|17|19|20|22|23,pca,8,arithmetic_exp_log,holdout_refit,best_score,best_score,orbit_mean,anchor cloud,True,"z-scored on the training fold; R2 is unaffected, expression constants are in standardised units","a PCA basis is arbitrary up to rotation, so these coordinates carry no intrinsic meaning and may need aligning before an expression maps onto an interpretable quantity",kfold_5,log_ssfr,pca,0.6590592270622698,anchor cloud,8
avgSfr,log_sSFR,1,(z2 / -1.97416),3,0.23896347553905095,0.6197760091181426,0.638992225135656,6446,1612,10,1|3|4|5|8|9|13|14|17|19,pca,8,arithmetic_exp_log,holdout_refit,best_score,best_score,orbit_mean,anchor cloud,True,"z-scored on the training fold; R2 is unaffected, expression constants are in standardised units","a PCA basis is arbitrary up to rotation, so these coordinates carry no intrinsic meaning and may need aligning before an expression maps onto an interpretable quantity",kfold_5,log_ssfr,pca,0.6590592270622698,anchor cloud,8
avgSfr,log_sSFR,2,(z2 * -0.505697),3,0.24227116709764196,0.6068447638572103,0.610397932848375,6446,1612,8,1|3|5|7|9|11|13|23,pca,8,arithmetic_exp_log,holdout_refit,best_score,best_score,orbit_mean,anchor cloud,True,"z-scored on the training fold; R2 is unaffected, expression constants are in standardised units","a PCA basis is arbitrary up to rotation, so these coordinates carry no intrinsic meaning and may need aligning before an expression maps onto an interpretable quantity",kfold_5,log_ssfr,pca,0.6590592270622698,anchor cloud,8
avgSfr,log_sSFR,3,(-0.499862 * z2),3,0.2663566327902255,0.6121666358841948,0.6045786866322104,6447,1611,5,1|3|5|7|9,pca,8,arithmetic_exp_log,holdout_refit,best_score,best_score,orbit_mean,anchor cloud,True,"z-scored on the training fold; R2 is unaffected, expression constants are in standardised units","a PCA basis is arbitrary up to rotation, so these coordinates carry no intrinsic meaning and may need aligning before an expression maps onto an interpretable quantity",kfold_5,log_ssfr,pca,0.6590592270622698,anchor cloud,8
avgSfr,log_sSFR,4,(-0.500642 * z2),3,0.2626819082996389,0.6518338824257666,0.6217392255675956,6447,1611,9,1|3|7|9|16|18|21|23|27,pca,8,arithmetic_exp_log,holdout_refit,best_score,best_score,orbit_mean,anchor cloud,True,"z-scored on the training fold; R2 is unaffected, expression constants are in standardised units","a PCA basis is arbitrary up to rotation, so these coordinates carry no intrinsic meaning and may need aligning before an expression maps onto an interpretable quantity",kfold_5,log_ssfr,pca,0.6590592270622698,anchor cloud,8
tageMw,tageMw,0,(0.201552 * (z2 - (z3 - z6))),7,0.10744969930965353,0.6342351790516527,0.6414286424795977,6446,1612,10,1|3|5|7|9|11|13|17|21|23,pca,8,arithmetic_exp_log,holdout_refit,best_score,best_score,orbit_mean,anchor cloud,True,"z-scored on the training fold; R2 is unaffected, expression constants are in standardised units","a PCA basis is arbitrary up to rotation, so these coordinates carry no intrinsic meaning and may need aligning before an expression maps onto an interpretable quantity",kfold_5,log_ssfr,pca,0.6590592270622698,anchor cloud,8
tageMw,tageMw,1,((z2 - z3) / 4.70905),5,0.0715593167951265,0.6757522704227614,0.6464288422114209,6446,1612,10,1|3|4|5|6|7|9|10|12|21,pca,8,arithmetic_exp_log,holdout_refit,best_score,best_score,orbit_mean,anchor cloud,True,"z-scored on the training fold; R2 is unaffected, expression constants are in standardised units","a PCA basis is arbitrary up to rotation, so these coordinates carry no intrinsic meaning and may need aligning before an expression maps onto an interpretable quantity",kfold_5,log_ssfr,pca,0.6590592270622698,anchor cloud,8
tageMw,tageMw,2,(-0.207693 * ((z3 - z2) - z6)),7,0.07734619556812317,0.6279949296505554,0.681745442592613,6446,1612,11,1|3|5|7|9|11|13|19|21|23|25,pca,8,arithmetic_exp_log,holdout_refit,best_score,best_score,orbit_mean,anchor cloud,True,"z-scored on the training fold; R2 is unaffected, expression constants are in standardised units","a PCA basis is arbitrary up to rotation, so these coordinates carry no intrinsic meaning and may need aligning before an expression maps onto an interpretable quantity",kfold_5,log_ssfr,pca,0.6590592270622698,anchor cloud,8
tageMw,tageMw,3,((z1 + (z3 - z6)) * -0.182987),7,0.08708316104635294,0.7048696890586268,0.6771795576307215,6447,1611,11,1|3|5|7|9|11|13|15|17|19|21,pca,8,arithmetic_exp_log,holdout_refit,best_score,best_score,orbit_mean,anchor cloud,True,"z-scored on the training fold; R2 is unaffected, expression constants are in standardised units","a PCA basis is arbitrary up to rotation, so these coordinates carry no intrinsic meaning and may need aligning before an expression maps onto an interpretable quantity",kfold_5,log_ssfr,pca,0.6590592270622698,anchor cloud,8
tageMw,tageMw,4,((z3 - z2) / -4.88224),5,0.09516076149999952,0.6714381970802816,0.637865811833003,6447,1611,11,1|3|5|7|9|11|13|15|21|22|25,pca,8,arithmetic_exp_log,holdout_refit,best_score,best_score,orbit_mean,anchor cloud,True,"z-scored on the training fold; R2 is unaffected, expression constants are in standardised units","a PCA basis is arbitrary up to rotation, so these coordinates carry no intrinsic meaning and may need aligning before an expression maps onto an interpretable quantity",kfold_5,log_ssfr,pca,0.6590592270622698,anchor cloud,8
zMw,log_zMw,0,(0.360035 * z2),3,0.12167674340754786,0.7264178051845357,0.7083821741862487,6446,1612,3,1|3|5,pca,8,arithmetic_exp_log,holdout_refit,best_score,best_score,orbit_mean,anchor cloud,True,"z-scored on the training fold; R2 is unaffected, expression constants are in standardised units","a PCA basis is arbitrary up to rotation, so these coordinates carry no intrinsic meaning and may need aligning before an expression maps onto an interpretable quantity",kfold_5,log_ssfr,pca,0.6590592270622698,anchor cloud,8
zMw,log_zMw,1,(0.355119 * z2),3,0.13463099751221075,0.7244014452594404,0.7096033167529398,6446,1612,10,1|3|5|7|9|11|13|20|21|30,pca,8,arithmetic_exp_log,holdout_refit,best_score,best_score,orbit_mean,anchor cloud,True,"z-scored on the training fold; R2 is unaffected, expression constants are in standardised units","a PCA basis is arbitrary up to rotation, so these coordinates carry no intrinsic meaning and may need aligning before an expression maps onto an interpretable quantity",kfold_5,log_ssfr,pca,0.6590592270622698,anchor cloud,8
zMw,log_zMw,2,(z2 / 2.80243),3,0.13162181748662694,0.720092771544395,0.7165563447625961,6446,1612,11,1|3|4|5|7|13|19|22|23|25|29,pca,8,arithmetic_exp_log,holdout_refit,best_score,best_score,orbit_mean,anchor cloud,True,"z-scored on the training fold; R2 is unaffected, expression constants are in standardised units","a PCA basis is arbitrary up to rotation, so these coordinates carry no intrinsic meaning and may need aligning before an expression maps onto an interpretable quantity",kfold_5,log_ssfr,pca,0.6590592270622698,anchor cloud,8
zMw,log_zMw,3,((z5 * -0.237454) + (z2 * 0.360492)),7,0.18084536586171274,0.6866113887197869,0.6930616214993323,6447,1611,12,1|3|6|7|9|11|13|15|17|21|23|25,pca,8,arithmetic_exp_log,holdout_refit,best_score,best_score,orbit_mean,anchor cloud,True,"z-scored on the training fold; R2 is unaffected, expression constants are in standardised units","a PCA basis is arbitrary up to rotation, so these coordinates carry no intrinsic meaning and may need aligning before an expression maps onto an interpretable quantity",kfold_5,log_ssfr,pca,0.6590592270622698,anchor cloud,8
zMw,log_zMw,4,(z2 / 2.78558),3,0.12420137851370561,0.7333266192634217,0.720968379715878,6447,1611,8,1|3|5|7|9|11|13|19,pca,8,arithmetic_exp_log,holdout_refit,best_score,best_score,orbit_mean,anchor cloud,True,"z-scored on the training fold; R2 is unaffected, expression constants are in standardised units","a PCA basis is arbitrary up to rotation, so these coordinates carry no intrinsic meaning and may need aligning before an expression maps onto an interpretable quantity",kfold_5,log_ssfr,pca,0.6590592270622698,anchor cloud,8
redshift,redshift,0,((z5 - z0) / -2.27489),5,0.37439438446499695,0.6322577636340417,0.6037330609565954,6446,1612,10,1|3|5|7|9|11|13|17|24|29,pca,8,arithmetic_exp_log,holdout_refit,best_score,best_score,orbit_mean,anchor cloud,True,"z-scored on the training fold; R2 is unaffected, expression constants are in standardised units","a PCA basis is arbitrary up to rotation, so these coordinates carry no intrinsic meaning and may need aligning before an expression maps onto an interpretable quantity",kfold_5,log_ssfr,pca,0.6590592270622698,anchor cloud,8
redshift,redshift,1,(0.40985 * ((z0 - z5) - z4)),7,0.5176251675610023,0.5331979725529609,0.552937723426869,6446,1612,15,1|3|6|7|8|10|12|13|14|15|17|19|20|22|28,pca,8,arithmetic_exp_log,holdout_refit,best_score,best_score,orbit_mean,anchor cloud,True,"z-scored on the training fold; R2 is unaffected, expression constants are in standardised units","a PCA basis is arbitrary up to rotation, so these coordinates carry no intrinsic meaning and may need aligning before an expression maps onto an interpretable quantity",kfold_5,log_ssfr,pca,0.6590592270622698,anchor cloud,8
redshift,redshift,2,(z5 / -2.20351),3,0.1765028306120976,0.6931543500898526,0.7264146198440702,6446,1612,14,1|3|5|7|9|11|13|14|15|17|19|21|23|29,pca,8,arithmetic_exp_log,holdout_refit,best_score,best_score,orbit_mean,anchor cloud,True,"z-scored on the training fold; R2 is unaffected, expression constants are in standardised units","a PCA basis is arbitrary up to rotation, so these coordinates carry no intrinsic meaning and may need aligning before an expression maps onto an interpretable quantity",kfold_5,log_ssfr,pca,0.6590592270622698,anchor cloud,8
redshift,redshift,3,(z5 * -0.445059),3,0.20839844209116043,0.6740174487779621,0.6884723990652077,6447,1611,11,1|3|5|7|9|11|13|17|19|23|29,pca,8,arithmetic_exp_log,holdout_refit,best_score,best_score,orbit_mean,anchor cloud,True,"z-scored on the training fold; R2 is unaffected, expression constants are in standardised units","a PCA basis is arbitrary up to rotation, so these coordinates carry no intrinsic meaning and may need aligning before an expression maps onto an interpretable quantity",kfold_5,log_ssfr,pca,0.6590592270622698,anchor cloud,8
redshift,redshift,4,(z5 / -2.22777),3,0.19473673339119613,0.705229692289911,0.6990391906012056,6447,1611,13,1|2|3|5|7|9|10|11|15|17|19|21|25,pca,8,arithmetic_exp_log,holdout_refit,best_score,best_score,orbit_mean,anchor cloud,True,"z-scored on the training fold; R2 is unaffected, expression constants are in standardised units","a PCA basis is arbitrary up to rotation, so these coordinates carry no intrinsic meaning and may need aligning before an expression maps onto an interpretable quantity",kfold_5,log_ssfr,pca,0.6590592270622698,anchor cloud,8
