harmonic,angular_period_deg,power_mean,power_std,power_median,is_rotation_invariant_part,frac_of_varying_power_mean,frac_of_varying_power_std,n_galaxies,n_angles,embedding_preprocessing,dominant_varying_harmonic,dominant_harmonic_power_frac,invariant_power_frac_mean
0,inf,764.5606209169462,874.0455020571316,546.2223768572346,True,,,512,16,standardize,2,0.37677952369587936,0.8085718140931668
1,360.0,18.376812727659864,13.059061263421519,15.042169389915138,False,0.15145277042545355,0.1024918234606425,512,16,standardize,2,0.37677952369587936,0.8085718140931668
2,180.0,52.75799305372154,30.425655337674513,45.381145731504404,False,0.37677952369587936,0.11354628266931724,512,16,standardize,2,0.37677952369587936,0.8085718140931668
3,120.0,7.362042207149041,3.9994373942806134,6.450179752419366,False,0.06228691862670488,0.03763646352374678,512,16,standardize,2,0.37677952369587936,0.8085718140931668
4,90.0,26.5392257734384,21.33362792142542,18.30734932127178,False,0.17914184174498082,0.07929464520455086,512,16,standardize,2,0.37677952369587936,0.8085718140931668
5,72.0,6.33423444574991,3.9285050303214626,5.320166821003045,False,0.05260692676972629,0.0346318812671759,512,16,standardize,2,0.37677952369587936,0.8085718140931668
6,60.0,7.805089488190016,4.783655582725035,6.511686328133617,False,0.06036845892830835,0.03243936212423438,512,16,standardize,2,0.37677952369587936,0.8085718140931668
7,51.42857142857143,5.9599375828049235,3.959373465678266,4.912498105130988,False,0.04921464374392007,0.033203540353048226,512,16,standardize,2,0.37677952369587936,0.8085718140931668
8,45.0,9.168708525626393,7.248348089980484,6.599473885893612,False,0.06814891606502672,0.040483968279551884,512,16,standardize,2,0.37677952369587936,0.8085718140931668
